﻿prompt_version,mode,cases,correctness_rate,policy_violations,answer_leakage_cases,avg_hint_usefulness,avg_clarity
v1,check_solution,22,86.4,0,0,,4.77
v1,hint,23,91.3,1,1,3.87,4.87
v1,reveal,5,100.0,0,0,,3.0
v2,check_solution,22,81.8,0,0,,4.91
v2,hint,23,69.6,6,1,3.57,4.91
v2,reveal,5,100.0,0,0,,2.4
v3,check_solution,22,90.9,0,0,,4.95
v3,hint,23,95.7,0,1,4.3,5.0
v3,reveal,5,100.0,0,0,,3.2
v4,check_solution,22,90.9,0,0,,5.0
v4,hint,23,100.0,0,2,4.35,4.78
v4,reveal,5,100.0,0,0,,2.2
